date,close,sma50,sma150,sma200,sma200_slope,low_52w,high_52w,return_52w
2024-04-01,3500.0,,,,,,,
2024-04-02,3250.0,,,,,,,
2024-04-03,3050.0,,,,,,,
2024-04-04,3020.0,,,,,,,
2024-04-05,3030.0,,,,,,,
2024-04-08,2931.0,,,,,,,
2024-04-09,2980.0,,,,,,,
2024-04-10,3170.0,,,,,,,
2024-04-11,3130.0,,,,,,,
2024-04-12,3025.0,,,,,,,
2024-04-15,3015.0,,,,,,,
2024-04-16,2931.0,,,,,,,
2024-04-17,2881.0,,,,,,,
2024-04-18,2864.0,,,,,,,
2024-04-19,2733.0,,,,,,,
2024-04-22,2771.0,,,,,,,
2024-04-23,2732.0,,,,,,,
2024-04-24,2735.0,,,,,,,
2024-04-25,2711.0,,,,,,,
2024-04-26,2730.0,,,,,,,
2024-04-30,2780.0,,,,,,,
2024-05-01,2705.0,,,,,,,
2024-05-02,2738.0,,,,,,,
2024-05-07,2787.0,,,,,,,
2024-05-08,2834.0,,,,,,,
2024-05-09,2738.0,,,,,,,
2024-05-10,2728.0,,,,,,,
2024-05-13,2745.0,,,,,,,
2024-05-14,2884.0,,,,,,,
2024-05-15,2869.0,,,,,,,
2024-05-16,2839.0,,,,,,,
2024-05-17,2910.0,,,,,,,
2024-05-20,3000.0,,,,,,,
2024-05-21,3030.0,,,,,,,
2024-05-22,3155.0,,,,,,,
2024-05-23,3155.0,,,,,,,
2024-05-24,3140.0,,,,,,,
2024-05-27,3190.0,,,,,,,
2024-05-28,3235.0,,,,,,,
2024-05-29,3205.0,,,,,,,
2024-05-30,3110.0,,,,,,,
2024-05-31,3095.0,,,,,,,
2024-06-03,3055.0,,,,,,,
2024-06-04,3065.0,,,,,,,
2024-06-05,3070.0,,,,,,,
2024-06-06,3020.0,,,,,,,
2024-06-07,3010.0,,,,,,,
2024-06-10,2949.0,,,,,,,
2024-06-11,2978.0,,,,,,,
2024-06-12,2915.0,2962.46,,,,,,
2024-06-13,2929.0,2951.04,,,,,,
2024-06-14,2999.0,2946.02,,,,,,
2024-06-17,3070.0,2946.42,,,,,,
2024-06-18,3005.0,2946.12,,,,,,
2024-06-19,2953.0,2944.58,,,,,,
2024-06-20,2946.0,2944.88,,,,,,
2024-06-21,2960.0,2944.48,,,,,,
2024-06-24,2930.0,2939.68,,,,,,
2024-06-25,2999.0,2937.06,,,,,,
2024-06-26,3015.0,2936.86,,,,,,
2024-06-27,2986.0,2936.28,,,,,,
2024-06-28,2956.0,2936.78,,,,,,
2024-07-01,2952.0,2938.2,,,,,,
2024-07-02,3060.0,2942.12,,,,,,
2024-07-03,3090.0,2949.26,,,,,,
2024-07-04,3090.0,2955.64,,,,,,
2024-07-05,3070.0,2962.4,,,,,,
2024-07-08,3005.0,2967.8,,,,,,
2024-07-09,3030.0,2974.18,,,,,,
2024-07-10,3020.0,2979.98,,,,,,
2024-07-11,3090.0,2986.18,,,,,,
2024-07-12,3120.0,2994.48,,,,,,
2024-07-16,3120.0,3002.12,,,,,,
2024-07-17,3080.0,3007.98,,,,,,
2024-07-18,3020.0,3011.7,,,,,,
2024-07-19,3050.0,3017.94,,,,,,
2024-07-22,2933.0,3022.04,,,,,,
2024-07-23,2961.0,3026.36,,,,,,
2024-07-24,2902.0,3026.72,,,,,,
2024-07-25,2837.0,3026.08,,,,,,
2024-07-26,2817.0,3025.64,,,,,,
2024-07-29,2850.0,3024.44,,,,,,
2024-07-30,2816.0,3020.76,,,,,,
2024-07-31,2895.0,3018.06,,,,,,
2024-08-01,2739.0,3009.74,,,,,,
2024-08-02,2556.0,2997.76,,,,,,
2024-08-05,2293.0,2980.82,,,,,,
2024-08-06,2423.0,2965.48,,,,,,
2024-08-07,2396.0,2948.7,,,,,,
2024-08-08,2417.0,2932.94,,,,,,
2024-08-09,2469.0,2920.12,,,,,,
2024-08-13,2580.0,2909.82,,,,,,
2024-08-14,2576.0,2900.24,,,,,,
2024-08-15,2597.0,2890.88,,,,,,
2024-08-16,2650.0,2882.48,,,,,,
2024-08-19,2618.0,2874.44,,,,,,
2024-08-20,2636.0,2866.96,,,,,,
2024-08-21,2687.0,2861.72,,,,,,
2024-08-22,2683.0,2855.82,,,,,,
2024-08-23,2707.0,2851.66,,,,,,
2024-08-26,2693.0,2846.94,,,,,,
2024-08-27,2735.0,2841.66,,,,,,
2024-08-28,2737.0,2835.0,,,,,,
2024-08-29,2734.0,2829.58,,,,,,
2024-08-30,2756.0,2825.64,,,,,,
2024-09-02,2750.0,2821.72,,,,,,
2024-09-03,2813.0,2818.78,,,,,,
2024-09-04,2692.0,2814.02,,,,,,
2024-09-05,2677.0,2807.58,,,,,,
2024-09-06,2675.0,2800.78,,,,,,
2024-09-09,2664.0,2794.34,,,,,,
2024-09-10,2603.0,2787.28,,,,,,
2024-09-11,2540.0,2779.04,,,,,,
2024-09-12,2590.0,2769.64,,,,,,
2024-09-13,2608.0,2760.0,,,,,,
2024-09-17,2592.0,2750.04,,,,,,
2024-09-18,2581.0,2740.26,,,,,,
2024-09-19,2612.0,2732.4,,,,,,
2024-09-20,2625.0,2724.3,,,,,,
2024-09-24,2611.0,2716.12,,,,,,
2024-09-25,2600.0,2706.32,,,,,,
2024-09-26,2645.0,2696.82,,,,,,
2024-09-27,2620.0,2686.82,,,,,,
2024-09-30,2540.0,2676.02,,,,,,
2024-10-01,2600.0,2667.62,,,,,,
2024-10-02,2585.0,2658.32,,,,,,
2024-10-03,2640.0,2652.46,,,,,,
2024-10-04,2652.0,2646.28,,,,,,
2024-10-07,2659.0,2641.42,,,,,,
2024-10-08,2529.0,2635.26,,,,,,
2024-10-09,2536.0,2629.64,,,,,,
2024-10-10,2514.0,2622.92,,,,,,
2024-10-11,2528.0,2617.16,,,,,,
2024-10-15,2614.0,2611.54,,,,,,
2024-10-16,2619.0,2609.14,,,,,,
2024-10-17,2589.0,2609.8,,,,,,
2024-10-18,2583.0,2615.6,,,,,,
2024-10-21,2584.0,2618.82,,,,,,
2024-10-22,2565.0,2622.2,,,,,,
2024-10-23,2520.0,2624.26,,,,,,
2024-10-24,2496.0,2624.8,,,,,,
2024-10-25,2453.0,2622.26,,,,,,
2024-10-28,2548.0,2621.7,,,,,,
2024-10-29,2535.0,2620.46,,,,,,
2024-10-30,2542.0,2618.3,,,,,,
2024-10-31,2582.0,2617.58,,,,,,
2024-11-01,2518.0,2615.22,,,,,,
2024-11-05,2529.0,2612.06,,,,,,
2024-11-06,2545.0,2609.3,,,,,,
2024-11-07,2560.0,2606.36,2806.826666666667,,,,,
2024-11-08,2546.0,2603.42,2800.4666666666667,,,,,
2024-11-11,2353.0,2595.78,2794.4866666666667,,,,,
2024-11-12,2382.0,2588.68,2790.0333333333333,,,,,
2024-11-13,2363.0,2581.26,2785.653333333333,,,,,
2024-11-14,2367.0,2573.48,2781.233333333333,,,,,
2024-11-15,2377.0,2566.02,2777.54,,,,,
2024-11-18,2378.0,2557.32,2773.5266666666666,,,,,
2024-11-19,2393.0,2551.34,2768.346666666667,,,,,
2024-11-20,2350.0,2544.8,2763.1466666666665,,,,,
2024-11-21,2344.0,2538.18,2758.6066666666666,,,,,
2024-11-22,2324.0,2531.38,2754.0,,,,,
2024-11-25,2314.0,2525.6,2749.8866666666668,,,,,
2024-11-26,2287.0,2520.54,2745.9266666666667,,,,,
2024-11-27,2256.0,2513.86,2741.8733333333334,,,,,
2024-11-28,2274.0,2507.18,2738.8133333333335,,,,,
2024-11-29,2259.0,2500.52,2735.4,,,,,
2024-12-02,2276.0,2494.42,2732.36,,,,,
2024-12-03,2321.0,2488.6,2729.6,,,,,
2024-12-04,2277.0,2481.64,2726.7066666666665,,,,,
2024-12-05,2304.0,2475.5,2723.866666666667,,,,,
2024-12-06,2292.0,2469.34,2720.6133333333332,,,,,
2024-12-09,2284.0,2462.12,2717.806666666667,,,,,
2024-12-10,2282.0,2455.36,2714.766666666667,,,,,
2024-12-11,2242.0,2449.4,2711.133333333333,,,,,
2024-12-12,2238.0,2442.16,2707.16,,,,,
2024-12-13,2208.0,2434.62,2703.6266666666666,,,,,
2024-12-16,2258.0,2426.98,2700.4933333333333,,,,,
2024-12-17,2274.0,2419.42,2697.3533333333335,,,,,
2024-12-18,2255.0,2411.34,2693.16,,,,,
2024-12-19,2276.0,2406.28,2689.2066666666665,,,,,
2024-12-20,2243.0,2400.42,2685.233333333333,,,,,
2024-12-23,2262.0,2395.38,2680.9133333333334,,,,,
2024-12-24,2276.0,2390.34,2676.0866666666666,,,,,
2024-12-25,2293.0,2383.92,2671.173333333333,,,,,
2024-12-26,2338.0,2378.3,2665.7266666666665,,,,,
2024-12-27,2386.0,2374.24,2660.6,,,,,
2024-12-30,2454.0,2371.66,2656.0266666666666,,,,,
2025-01-06,2538.0,2370.74,2651.68,,,,,
2025-01-07,2573.0,2370.9,2647.266666666667,,,,,
2025-01-08,2570.0,2371.9,2643.0333333333333,,,,,
2025-01-09,2557.0,2373.12,2639.346666666667,,,,,
2025-01-10,2577.0,2375.6,2635.8933333333334,,,,,
2025-01-14,2572.0,2376.08,2632.673333333333,,,,,
2025-01-15,2555.0,2376.48,2629.2733333333335,,,,,
2025-01-16,2538.0,2376.4,2625.7266666666665,,,,,
2025-01-17,2522.0,2375.2,2622.4066666666668,,,,,
2025-01-20,2534.0,2375.52,2619.233333333333,,,,,
2025-01-21,2550.0,2375.94,2616.5733333333333,,,,,
2025-01-22,2581.0,2376.66,2613.9266666666667,,,,,
2025-01-23,2557.0,2376.6,2611.54,2699.27,,,,
2025-01-24,2583.0,2377.34,2609.233333333333,2694.685,,,,
2025-01-27,2575.0,2381.78,2606.4066666666668,2691.31,,,,
2025-01-28,2550.0,2385.14,2602.94,2688.81,,,,
2025-01-29,2523.0,2388.34,2599.7266666666665,2686.325,,,,
2025-01-30,2542.0,2391.84,2596.9866666666667,2683.885,,,,
2025-01-31,2516.0,2394.62,2594.12,2681.81,,,,
2025-02-03,2495.0,2396.96,2591.02,2679.385,,,,
2025-02-04,2504.0,2399.18,2588.18,2676.055,,,,
2025-02-05,2510.0,2402.38,2584.92,2672.955,,,,
2025-02-06,2515.0,2405.8,2581.5866666666666,2670.405,,,,
2025-02-07,2518.0,2409.68,2578.4666666666667,2667.92,,,,
2025-02-10,2502.0,2413.44,2575.44,2665.775,,,,
2025-02-12,2552.0,2418.74,2572.7733333333335,2664.13,,,,
2025-02-13,2562.0,2424.86,2569.4533333333334,2662.62,,,,
2025-02-14,2559.0,2430.56,2565.9133333333334,2661.75,,,,
2025-02-17,2571.0,2436.8,2562.4533333333334,2660.75,,,,
2025-02-18,2605.0,2443.38,2559.3533333333335,2660.115,,,,
2025-02-19,2616.0,2449.28,2556.76,2659.52,,,,
2025-02-20,2585.0,2455.44,2553.7933333333335,2658.89,,,,
2025-02-21,2560.0,2460.56,2550.7266666666665,2658.04,-41.23000000000002,,,
2025-02-25,2550.0,2465.72,2547.1266666666666,2656.89,-37.79500000000007,,,
2025-02-26,2505.0,2470.14,2543.0266666666666,2655.89,-35.42000000000007,,,
2025-02-27,2562.0,2475.74,2539.306666666667,2655.01,-33.79999999999973,,,
2025-02-28,2502.0,2480.94,2535.4533333333334,2653.585,-32.73999999999978,,,
2025-03-03,2500.0,2486.18,2531.9866666666667,2651.915,-31.970000000000255,,,
2025-03-04,2500.0,2492.02,2528.32,2650.725,-31.085000000000036,,,
2025-03-05,2518.0,2497.22,2525.5533333333333,2649.675,-29.710000000000036,,,
2025-03-06,2547.0,2502.68,2522.7933333333335,2648.685,-27.36999999999989,,,
2025-03-07,2521.0,2508.0,2520.2533333333336,2646.87,-26.085000000000036,,,
2025-03-10,2519.0,2512.86,2518.133333333333,2645.12,-25.28500000000031,,,
2025-03-11,2532.0,2518.64,2516.233333333333,2643.585,-24.335000000000036,,,
2025-03-12,2559.0,2524.58,2514.2933333333335,2641.83,-23.945000000000164,,,
2025-03-13,2573.0,2530.52,2512.673333333333,2639.695,-24.434999999999945,,,
2025-03-14,2560.0,2535.86,2510.44,2637.345,-25.27500000000009,,,
2025-03-17,2590.0,2540.9,2509.4466666666667,2634.52,-27.230000000000018,,,
2025-03-18,2620.0,2545.58,2509.8733333333334,2631.845,-28.9050000000002,,,
2025-03-19,2609.0,2548.68,2511.98,2629.19,-30.924999999999727,,,
2025-03-21,2600.0,2549.92,2513.16,2626.24,-33.2800000000002,,,
2025-03-24,2603.0,2550.52,2514.54,2623.08,-35.809999999999945,,,
2025-03-25,2587.0,2550.86,2515.673333333333,2619.99,-38.05000000000018,,,
2025-03-26,2594.0,2551.6,2516.5066666666667,2617.41,-39.48000000000002,,,
2025-03-27,2599.0,2552.04,2516.633333333333,2614.93,-40.960000000000036,,,
2025-03-28,2519.0,2550.98,2516.2533333333336,2612.25,-42.76000000000022,,,
2025-03-31,2442.0,2548.72,2515.22,2609.135,-44.44999999999982,,,
2025-04-01,2415.0,2546.26,2513.653333333333,2605.86,-46.054999999999836,,,
2025-04-02,2425.0,2544.32,2512.366666666667,2602.885,-47.83999999999969,,,
2025-04-03,2360.0,2540.84,2510.5266666666666,2599.635,-50.039999999999964,,,
2025-04-04,2263.0,2535.1,2507.7,2596.205,-52.48000000000002,,,
2025-04-07,2124.0,2525.96,2503.9733333333334,2591.935,-54.934999999999945,,,
2025-04-08,2229.0,2519.4,2500.786666666667,2588.505,-56.61499999999978,,,
2025-04-09,2150.0,2510.74,2497.1666666666665,2584.61,-58.97499999999991,,,
2025-04-10,2254.0,2504.32,2493.96,2580.885,-60.94499999999971,2124.0,3500.0,
2025-04-11,2253.0,2498.38,2490.733333333333,2576.8,-62.89499999999998,2124.0,3250.0,-0.3562857142857143
2025-04-14,2300.0,2493.92,2487.84,2573.275,-64.06999999999971,2124.0,3235.0,-0.29230769230769227
2025-04-15,2286.0,2488.8,2484.7066666666665,2569.94,-64.57999999999993,2124.0,3235.0,-0.2504918032786885
2025-04-16,2264.0,2483.76,2481.4666666666667,2566.53,-65.3149999999996,2124.0,3235.0,-0.2503311258278146
2025-04-17,2246.0,2478.78,2477.6866666666665,2562.96,-66.23000000000002,2124.0,3235.0,-0.2587458745874588
2025-04-18,2277.0,2474.24,2474.92,2559.695,-66.54499999999962,2124.0,3235.0,-0.22313203684749228
2025-04-21,2272.0,2469.48,2472.22,2556.06,-67.01999999999998,2124.0,3235.0,-0.2375838926174496
2025-04-22,2268.0,2464.54,2469.5066666666667,2552.325,-67.66499999999996,2124.0,3235.0,-0.2845425867507887
2025-04-23,2314.0,2460.46,2467.173333333333,2548.965,-68.44499999999971,2124.0,3235.0,-0.260702875399361
2025-04-24,2334.0,2457.1,2465.38,2545.855,-69.07499999999982,2124.0,3235.0,-0.2284297520661157
2025-04-25,2374.0,2453.54,2464.2733333333335,2542.965,-69.28499999999985,2124.0,3235.0,-0.21260364842454393
2025-04-28,2396.0,2450.22,2462.98,2539.645,-69.49000000000024,2124.0,3235.0,-0.182531559194814
2025-04-30,2396.0,2446.96,2461.5666666666666,2536.175,-69.68499999999995,2124.0,3235.0,-0.16834432488719198
2025-05-01,2396.0,2443.46,2460.26,2532.705,-70.18000000000029,2124.0,3235.0,-0.1634078212290503
2025-05-02,2405.0,2439.46,2459.0866666666666,2529.38,-70.25500000000011,2124.0,3235.0,-0.12001463593121109
2025-05-07,2394.0,2435.02,2457.633333333333,2526.325,-69.88000000000011,2124.0,3235.0,-0.13605196679898957
2025-05-08,2408.0,2431.48,2456.1866666666665,2523.215,-68.7199999999998,2124.0,3235.0,-0.11859443631039535
2025-05-09,2439.0,2429.06,2455.04,2520.31,-68.19500000000016,2124.0,3235.0,-0.10822669104204752
2025-05-12,2466.0,2427.38,2454.1466666666665,2517.19,-67.42000000000007,2124.0,3235.0,-0.09037255625230545
2025-05-13,2460.0,2426.48,2452.9133333333334,2513.89,-66.99500000000035,2124.0,3235.0,-0.09890109890109888
2025-05-14,2490.0,2425.04,2452.0466666666666,2510.74,-66.0600000000004,2124.0,3235.0,-0.10431654676258995
2025-05-15,2481.0,2424.62,2451.653333333333,2507.745,-65.5300000000002,2124.0,3235.0,-0.08280961182994451
2025-05-16,2466.0,2423.94,2450.76,2504.975,-64.96500000000015,2124.0,3235.0,-0.0993425858290723
2025-05-19,2496.0,2423.86,2450.1666666666665,2502.205,-64.32500000000027,2124.0,3235.0,-0.10441334768568356
2025-05-20,2422.0,2421.94,2448.713333333333,2499.65,-63.309999999999945,2124.0,3235.0,-0.14537755822159493
2025-05-21,2436.0,2419.72,2447.2733333333335,2497.025,-62.67000000000007,2124.0,3235.0,-0.1102994886778671
2025-05-22,2448.0,2418.26,2445.866666666667,2494.755,-61.304999999999836,2124.0,3235.0,-0.1026392961876833
2025-05-23,2459.0,2417.06,2445.4,2492.865,-59.460000000000036,2124.0,3235.0,-0.10418943533697633
2025-05-26,2476.0,2415.94,2445.0,2491.16,-57.80500000000029,2124.0,3235.0,-0.1414701803051318
2025-05-27,2509.0,2414.94,2444.9666666666667,2489.455,-56.40000000000009,2124.0,3235.0,-0.1254792610665737
2025-05-28,2527.0,2414.02,2444.96,2488.01,-54.95499999999993,2124.0,3235.0,-0.1098978513561113
2025-05-29,2528.0,2413.38,2444.3866666666668,2486.175,-53.4699999999998,2124.0,3235.0,-0.13127147766323022
2025-05-30,2524.0,2412.06,2443.7533333333336,2485.1,-51.07500000000027,2124.0,3235.0,-0.15866666666666662
2025-06-02,2501.0,2409.68,2443.1666666666665,2484.825,-47.88000000000011,2124.0,3235.0,-0.17458745874587456
2025-06-03,2512.0,2407.74,2442.693333333333,2485.92,-43.460000000000036,2124.0,3235.0,-0.20380348652931857
2025-06-04,2540.0,2406.54,2442.4,2486.505,-39.81999999999971,2124.0,3235.0,-0.1949286846275753
2025-06-05,2554.0,2405.56,2442.326666666667,2487.295,-35.92000000000007,2124.0,3235.0,-0.186624203821656
2025-06-06,2567.0,2405.16,2442.64,2488.045,-32.26499999999987,2124.0,3235.0,-0.19529780564263322
2025-06-09,2540.0,2404.08,2442.9333333333334,2488.4,-28.789999999999964,2124.0,3205.0,-0.21483771251931993
2025-06-10,2530.0,2402.7,2443.4466666666667,2488.15,-25.73999999999978,2124.0,3120.0,-0.21060842433697347
2025-06-11,2551.0,2403.34,2443.4666666666667,2488.025,-22.71499999999969,2124.0,3120.0,-0.1797427652733119
2025-06-12,2526.0,2405.02,2443.4066666666668,2487.67,-20.074999999999818,2124.0,3120.0,-0.1838449111470113
2025-06-13,2508.0,2406.88,2443.18,2486.96,-18.014999999999873,2124.0,3120.0,-0.179050736497545
2025-06-16,2530.0,2408.98,2442.8333333333335,2486.52,-15.684999999999945,2124.0,3120.0,-0.17455138662316472
2025-06-17,2546.0,2412.7,2443.02,2486.07,-13.579999999999927,2124.0,3120.0,-0.17068403908794794
2025-06-18,2555.0,2418.54,2443.193333333333,2485.41,-11.615000000000236,2124.0,3120.0,-0.1539735099337748
2025-06-19,2527.0,2426.6,2443.0733333333333,2484.63,-10.125,2124.0,3120.0,-0.16046511627906979
2025-06-20,2516.0,2432.34,2442.78,2483.675,-9.1899999999996,2124.0,3120.0,-0.14682943370634116
2025-06-23,2515.0,2439.64,2442.5733333333333,2482.785,-8.375,2124.0,3120.0,-0.15547347212894558
2025-06-24,2523.0,2445.02,2443.7066666666665,2481.725,-7.730000000000018,2124.0,3120.0,-0.13447684391080617
2025-06-25,2559.0,2451.14,2444.8866666666668,2480.835,-7.175000000000182,2124.0,3120.0,-0.12632297712529872
2025-06-26,2600.0,2457.14,2446.4666666666667,2480.165,-6.010000000000218,2124.0,3120.0,-0.1330443481160387
2025-06-27,2632.0,2464.06,2448.233333333333,2479.545,-5.554999999999836,2124.0,3120.0,-0.142671009771987
2025-06-30,2655.0,2471.88,2450.0866666666666,2479.07,-5.754999999999654,2124.0,3120.0,-0.11647254575707155
2025-07-01,2649.0,2479.94,2451.8933333333334,2478.25,-7.670000000000073,2124.0,3120.0,-0.10294615645106675
2025-07-02,2661.0,2487.62,2453.68,2478.095,-8.41000000000031,2124.0,3120.0,-0.09674134419551939
2025-07-03,2662.0,2495.42,2455.76,2478.02,-9.275000000000091,2124.0,3120.0,-0.1006756756756757
2025-07-04,2652.0,2503.1,2457.8133333333335,2477.905,-10.139999999999873,2124.0,3120.0,-0.09488054607508534
2025-07-07,2623.0,2509.28,2459.806666666667,2477.7,-10.700000000000273,2124.0,3120.0,-0.12537512504168058
2025-07-08,2646.0,2515.52,2462.02,2477.915,-10.235000000000127,2124.0,3120.0,-0.12238805970149258
2025-07-09,2660.0,2521.24,2464.5066666666667,2478.515,-9.510000000000218,2124.0,3120.0,-0.10917615539182857
2025-07-10,2647.0,2526.26,2467.1133333333332,2478.8,-8.86999999999989,2124.0,3120.0,-0.10453315290933696
2025-07-11,2675.0,2531.84,2469.786666666667,2479.135,-7.824999999999818,2124.0,3120.0,-0.09383468834688347
2025-07-14,2707.0,2538.06,2472.7733333333335,2479.71,-6.809999999999945,2124.0,3120.0,-0.11535947712418304
2025-07-15,2735.0,2544.66,2475.8333333333335,2480.48,-5.5900000000001455,2124.0,3120.0,-0.11488673139158578
2025-07-16,2715.0,2551.08,2478.46,2480.995,-4.414999999999964,2124.0,3120.0,-0.12135922330097082
2025-07-17,2738.0,2557.68,2481.5333333333333,2481.56,-3.0700000000001637,2124.0,3120.0,-0.10814332247557001
2025-07-18,2720.0,2563.3,2484.306666666667,2482.105,-1.5700000000001637,2124.0,3120.0,-0.09484193011647257
2025-07-22,2695.0,2567.88,2486.9933333333333,2482.58,-0.20499999999992724,2124.0,3120.0,-0.11056105610561051
2025-07-23,2719.0,2573.06,2489.8933333333334,2482.95,1.224999999999909,2124.0,3120.0,-0.0996688741721854
2025-07-24,2788.0,2579.02,2493.266666666667,2483.79,2.9549999999999272,2124.0,3120.0,-0.09773462783171516
2025-07-25,2808.0,2585.56,2497.04,2485.13,4.9650000000001455,2124.0,3120.0,-0.09999999999999998
2025-07-28,2769.0,2591.62,2500.58,2485.975,6.429999999999836,2124.0,3080.0,-0.11250000000000004
2025-07-29,2756.0,2596.82,2504.233333333333,2486.83,7.7599999999997635,2124.0,3050.0,-0.10519480519480517
2025-07-30,2767.0,2603.72,2507.6266666666666,2487.465,9.215000000000146,2124.0,3050.0,-0.08377483443708611
2025-07-31,2785.0,2610.7,2511.0333333333333,2488.13,10.03500000000031,2124.0,2961.0,-0.08688524590163937
2025-08-01,2825.0,2618.24,2514.8333333333335,2488.96,10.940000000000055,2124.0,2961.0,-0.03682236617797474
2025-08-04,2805.0,2625.16,2518.36,2490.34,12.434999999999945,2124.0,2902.0,-0.05268490374873358
2025-08-05,2829.0,2632.22,2522.266666666667,2491.805,14.105000000000018,2124.0,2895.0,-0.025155065472088234
2025-08-06,2862.0,2639.28,2526.266666666667,2493.545,15.63000000000011,2124.0,2895.0,0.008812125484666922
2025-08-07,2874.0,2646.22,2530.2533333333336,2495.275,16.76000000000022,2124.0,2895.0,0.020234291799787085
2025-08-08,2900.0,2653.66,2534.3,2496.705,17.904999999999745,2124.0,2900.0,0.01754385964912286
2025-08-12,2911.0,2661.4,2538.12,2498.165,19.029999999999745,2124.0,2911.0,0.033735795454545414
2025-08-13,2907.0,2669.52,2541.5933333333332,2499.755,20.045000000000073,2124.0,2911.0,0.004145077720207224
2025-08-14,2875.0,2676.78,2544.4,2501.215,20.735000000000127,2124.0,2911.0,0.04965315808689308
2025-08-15,2857.0,2683.12,2546.5266666666666,2502.58,21.585000000000036,2124.0,2911.0,0.11776212832550859
2025-08-18,2855.0,2689.14,2548.4066666666668,2504.03,22.470000000000255,2124.0,2911.0,0.24509376362843427
2025-08-19,2879.0,2695.38,2550.4666666666667,2505.825,23.7199999999998,2124.0,2911.0,0.1881964506809739
2025-08-20,2880.0,2702.18,2552.62,2507.745,25.164999999999964,2124.0,2911.0,0.2020033388981637
2025-08-21,2879.0,2709.16,2554.633333333333,2509.875,26.925000000000182,2124.0,2911.0,0.1911460488208523
2025-08-22,2907.0,2716.28,2556.866666666667,2511.67,27.88000000000011,2124.0,2911.0,0.17739975698663435
2025-08-25,2905.0,2723.86,2559.2,2513.52,28.389999999999873,2124.0,2911.0,0.12596899224806202
2025-08-26,2900.0,2731.7,2561.6133333333332,2515.31,29.335000000000036,2124.0,2911.0,0.12577639751552794
2025-08-27,2935.0,2739.8,2564.366666666667,2517.075,30.24499999999989,2124.0,2935.0,0.13015017327685796
2025-08-28,2967.0,2748.22,2567.2533333333336,2519.32,31.855000000000018,2124.0,2967.0,0.11962264150943391
2025-08-29,2963.0,2756.38,2570.0066666666667,2521.49,33.35999999999967,2124.0,2967.0,0.13177998472116115
2025-09-01,2938.0,2764.6,2572.3866666666668,2523.455,34.49499999999989,2124.0,2967.0,0.11456752655538693
2025-09-02,2953.0,2773.34,2575.0266666666666,2525.42,35.07999999999993,2124.0,2967.0,0.09899516189058422
2025-09-03,2964.0,2782.32,2577.5666666666666,2527.51,35.70500000000038,2124.0,2967.0,0.10473350726798358
2025-09-04,2966.0,2791.18,2580.173333333333,2530.575,37.029999999999745,2124.0,2967.0,0.09567787218322876
2025-09-05,3025.0,2800.5,2583.34,2533.79,38.51499999999987,2124.0,3025.0,0.123282584478277
2025-09-08,3050.0,2809.5,2586.8533333333335,2537.225,40.51999999999998,2124.0,3050.0,0.11517367458866534
2025-09-09,3040.0,2817.66,2590.173333333333,2540.59,42.42500000000018,2124.0,3050.0,0.11070515162586769
2025-09-10,3105.0,2826.66,2594.1,2544.23,44.47499999999991,2124.0,3105.0,0.13569861009509876
2025-09-11,3135.0,2836.38,2598.366666666667,2548.015,46.79999999999973,2124.0,3135.0,0.13751814223512326
2025-09-12,3125.0,2845.66,2602.5066666666667,2551.675,49.095000000000255,2124.0,3135.0,0.13636363636363646
2025-09-16,3150.0,2855.42,2606.7733333333335,2555.675,51.64499999999998,2124.0,3150.0,0.1198009242801279
2025-09-17,3065.0,2863.68,2610.44,2559.28,53.45500000000038,2124.0,3150.0,0.13855869242199104
2025-09-18,3065.0,2872.52,2614.0866666666666,2562.985,55.24000000000024,2124.0,3150.0,0.1449383638401196
2025-09-19,3045.0,2880.5,2617.7066666666665,2566.64,56.76499999999987,2124.0,3150.0,0.1383177570093459
2025-09-22,3040.0,2888.1,2620.96,2570.405,58.73500000000013,2124.0,3150.0,0.14114114114114118
2025-09-24,3095.0,2897.06,2624.5133333333333,2574.6,61.07999999999993,2124.0,3150.0,0.1890126776796004
2025-09-25,3100.0,2905.56,2628.12,2578.73,63.42000000000007,2124.0,3150.0,0.22047244094488194
2025-09-26,3105.0,2913.52,2631.68,2582.96,65.88500000000022,2124.0,3150.0,0.19884169884169878
2025-09-29,3000.0,2918.82,2634.3133333333335,2586.58,67.25999999999976,2124.0,3150.0,0.1503067484662577
2025-09-30,2985.0,2924.22,2636.7733333333335,2589.9,68.41000000000031,2124.0,3150.0,0.15162037037037046
2025-10-01,2922.0,2927.9,2639.02,2593.125,69.67000000000007,2124.0,3150.0,0.13211933359163108
2025-10-02,2910.0,2931.7,2641.3533333333335,2596.155,70.73500000000013,2124.0,3150.0,0.1140888208269526
2025-10-03,2908.0,2935.96,2643.74,2599.235,71.72499999999991,2124.0,3150.0,0.1078095238095238
2025-10-06,2958.0,2940.74,2646.76,2602.605,72.0300000000002,2124.0,3150.0,0.13289927230945997
2025-10-07,3010.0,2945.18,2649.7466666666664,2606.245,72.45499999999993,2124.0,3150.0,0.1576923076923078
2025-10-08,2934.0,2947.7,2652.6266666666666,2609.705,72.48000000000002,2124.0,3150.0,0.10926275992438561
2025-10-09,2935.0,2951.02,2655.5266666666666,2613.19,72.59999999999991,2124.0,3150.0,0.12022900763358768
2025-10-10,2876.0,2953.42,2658.0333333333333,2616.53,72.30000000000018,2124.0,3150.0,0.13228346456692908
2025-10-14,2904.0,2956.16,2660.6066666666666,2619.76,71.74500000000035,2124.0,3150.0,0.11692307692307691
2025-10-15,2922.0,2958.9,2663.1066666666666,2623.0,71.32499999999982,2124.0,3150.0,0.1303675048355899
2025-10-16,2927.0,2960.94,2665.8133333333335,2626.36,70.68499999999995,2124.0,3150.0,0.10871212121212115
2025-10-17,2939.0,2963.62,2668.6133333333332,2629.675,70.39499999999998,2124.0,3150.0,0.10822021116138769
2025-10-20,2986.0,2966.76,2671.64,2633.39,70.40499999999975,2124.0,3150.0,0.12297856336968782
2025-10-21,2962.0,2968.76,2674.326666666667,2636.89,70.25,2124.0,3150.0,0.17121391854487933
2025-10-22,2964.0,2970.56,2676.9333333333334,2640.33,69.92499999999973,2124.0,3150.0,0.16876971608832814
2025-10-23,2942.0,2971.4,2679.48,2643.575,68.97499999999991,2124.0,3150.0,0.17024661893396975
2025-10-24,2958.0,2972.34,2681.9333333333334,2646.675,67.94500000000016,2124.0,3150.0,0.17009493670886067
2025-10-27,3010.0,2974.4,2684.5333333333333,2649.795,66.83500000000004,2124.0,3150.0,0.15149196633511863
2025-10-28,2944.0,2975.78,2686.766666666667,2652.245,65.66499999999996,2124.0,3150.0,0.12409316533027881
2025-10-29,2910.0,2976.84,2688.8333333333335,2654.105,64.20499999999993,2124.0,3150.0,0.12398609501738123
2025-10-30,2945.0,2978.64,2691.1133333333332,2655.965,62.840000000000146,2124.0,3150.0,0.1401471157568719
2025-10-31,2974.0,2980.54,2693.693333333333,2657.985,61.82999999999993,2124.0,3150.0,0.1509287925696594
2025-11-04,2980.0,2982.54,2696.266666666667,2660.1,60.86499999999978,2124.0,3150.0,0.16179337231968804
2025-11-05,2923.0,2983.42,2698.4266666666667,2661.83,59.22499999999991,2124.0,3150.0,0.15992063492063502
2025-11-06,2945.0,2984.18,2701.266666666667,2663.695,57.45000000000027,2124.0,3150.0,0.17988782051282048
2025-11-07,2928.0,2984.64,2704.5066666666667,2665.56,55.85500000000002,2124.0,3150.0,0.1936404402772116
2025-11-10,2923.0,2985.1,2707.8933333333334,2667.485,54.29500000000007,2124.0,3150.0,0.1471742543171115
2025-11-11,2913.0,2984.66,2711.1466666666665,2669.44,52.909999999999854,2124.0,3150.0,0.149112426035503
2025-11-12,2913.0,2983.58,2714.8333333333335,2671.335,51.57499999999982,2124.0,3150.0,0.1459480723839497
2025-11-13,2927.0,2982.86,2719.26,2673.22,50.2199999999998,2124.0,3150.0,0.1336173508907823
2025-11-14,2898.0,2982.06,2724.42,2674.805,48.44499999999971,2124.0,3150.0,0.15091342335186653
2025-11-17,2928.0,2981.56,2729.08,2676.66,46.98499999999967,2124.0,3150.0,0.1577698695136418
2025-11-18,2862.0,2979.52,2733.826666666667,2678.055,44.664999999999964,2124.0,3150.0,0.12455795677799597
2025-11-19,2852.0,2977.24,2737.8133333333335,2679.44,42.55000000000018,2124.0,3150.0,0.11406249999999996
2025-11-20,2899.0,2974.72,2742.12,2681.185,40.85500000000002,2124.0,3150.0,0.13864886095836604
2025-11-21,2867.0,2971.06,2745.9,2682.905,39.33000000000038,2124.0,3150.0,0.21844453888652793
2025-11-25,2886.0,2967.98,2749.9,2684.625,37.94999999999982,2124.0,3150.0,0.21158690176322414
2025-11-26,2897.0,2963.82,2754.12,2686.53,36.73500000000013,2124.0,3150.0,0.22598391874735513
2025-11-27,2930.0,2959.72,2758.68,2688.705,36.460000000000036,2124.0,3150.0,0.23785382340515415
2025-11-28,2994.0,2957.1,2763.46,2691.155,37.05000000000018,2124.0,3150.0,0.2595708876735381
2025-12-01,2987.0,2953.84,2768.2266666666665,2693.54,37.57499999999982,2124.0,3150.0,0.25609756097560976
2025-12-02,2953.0,2951.6,2772.7933333333335,2695.73,37.74499999999989,2124.0,3150.0,0.2340158796489762
2025-12-03,2983.0,2949.96,2777.2533333333336,2698.055,37.95499999999993,2124.0,3150.0,0.26936170212765953
2025-12-04,3005.0,2949.16,2781.7266666666665,2700.57,38.74000000000024,2124.0,3150.0,0.2819965870307166
2025-12-05,2990.0,2948.16,2785.8333333333335,2702.76,39.065000000000055,2124.0,3150.0,0.2865748709122202
2025-12-08,3080.0,2947.86,2790.3933333333334,2705.35,39.789999999999964,2124.0,3150.0,0.33102852203975797
2025-12-09,3065.0,2947.16,2794.8533333333335,2707.88,40.39499999999998,2124.0,3150.0,0.340183646698732
2025-12-10,3035.0,2945.76,2799.1133333333332,2710.2,40.75999999999976,2124.0,3150.0,0.3453014184397163
2025-12-11,3010.0,2945.96,2803.1466666666665,2712.225,40.88999999999987,2124.0,3150.0,0.32365875109938425
2025-12-12,3040.0,2947.06,2807.4533333333334,2714.345,41.125,2124.0,3150.0,0.34572819831783974
2025-12-15,3045.0,2949.52,2811.7,2716.645,41.840000000000146,2124.0,3150.0,0.3378734622144113
2025-12-16,2995.0,2951.22,2815.4066666666668,2718.82,42.16000000000031,2124.0,3150.0,0.2903920723825937
2025-12-17,3025.0,2953.56,2819.133333333333,2721.195,43.14000000000033,2124.0,3150.0,0.3285024154589371
2025-12-18,3010.0,2954.6,2822.8,2723.72,44.279999999999745,2124.0,3150.0,0.30642361111111116
2025-12-19,3020.0,2954.8,2826.3333333333335,2726.01,44.82500000000027,2124.0,3150.0,0.3176265270506109
2025-12-22,3025.0,2956.62,2829.96,2728.625,45.7199999999998,2124.0,3150.0,0.32443082311733806
2025-12-23,3045.0,2958.82,2833.82,2731.35,46.72499999999991,2124.0,3150.0,0.33435582822085896
2025-12-24,3085.0,2963.0,2837.7466666666664,2734.275,47.74499999999989,2124.0,3150.0,0.3760035682426406
2025-12-25,3090.0,2966.72,2842.2,2737.135,48.43000000000029,2124.0,3150.0,0.38069705093833783
2025-12-26,3080.0,2969.88,2846.4933333333333,2739.8,48.64499999999998,2124.0,3150.0,0.39492753623188404
2025-12-29,3105.0,2973.44,2850.8733333333334,2742.72,49.179999999999836,2124.0,3150.0,0.37511071744907
2025-12-30,3105.0,2976.76,2855.18,2745.65,49.92000000000007,2124.0,3150.0,0.3654353562005277
2026-01-05,3120.0,2979.44,2859.4733333333334,2748.59,50.53500000000031,2124.0,3150.0,0.38359201773835916
2026-01-06,3135.0,2982.9,2863.6466666666665,2751.47,50.899999999999636,2124.0,3150.0,0.37741652021089633
2026-01-07,3165.0,2986.92,2867.9,2754.43,51.66999999999962,2124.0,3165.0,0.4110566205974142
2026-01-08,3110.0,2990.28,2871.78,2757.18,51.82999999999993,2124.0,3165.0,0.3748894783377541
2026-01-09,3080.0,2992.72,2875.4866666666667,2759.63,51.75,2124.0,3165.0,0.3532513181019332
2026-01-13,3155.0,2995.62,2879.846666666667,2762.305,52.10500000000002,2124.0,3165.0,0.37592673353685124
2026-01-14,3190.0,3000.54,2884.366666666667,2765.21,52.98500000000013,2124.0,3190.0,0.3644140290846878
2026-01-15,3185.0,3006.04,2888.6666666666665,2768.135,53.79000000000042,2124.0,3190.0,0.3348700754400671
2026-01-16,3175.0,3010.64,2892.806666666667,2770.995,54.34999999999991,2124.0,3190.0,0.29380603096984514
2026-01-19,3160.0,3014.36,2896.76,2773.86,55.039999999999964,2124.0,3190.0,0.2450748620961387
2026-01-20,3115.0,3017.06,2900.5933333333332,2776.465,55.26999999999998,2124.0,3190.0,0.21064904780411964
2026-01-21,3085.0,3020.3,2904.2933333333335,2778.895,55.17500000000018,2124.0,3190.0,0.2003891050583657
2026-01-22,3135.0,3024.1,2908.1866666666665,2781.975,55.96499999999969,2124.0,3190.0,0.22604614782948773
2026-01-23,3215.0,3029.84,2912.78,2785.84,57.215000000000146,2124.0,3215.0,0.2475746992627086
2026-01-26,3130.0,3033.98,2916.9266666666667,2789.415,58.065000000000055,2124.0,3215.0,0.21695178849144625
2026-01-27,3170.0,3039.12,2921.193333333333,2793.14,58.86499999999978,2124.0,3215.0,0.24070450097847362
2026-01-28,3100.0,3042.86,2924.8866666666668,2796.84,59.70499999999993,2124.0,3215.0,0.2214342001576044
2026-01-29,3085.0,3046.02,2928.42,2800.95,61.149999999999636,2124.0,3215.0,0.2232355273592388
2026-01-30,3110.0,3050.26,2932.306666666667,2805.88,63.16000000000031,2124.0,3215.0,0.22730860299921063
2026-02-02,3065.0,3053.0,2935.9666666666667,2810.06,64.40999999999985,2124.0,3215.0,0.20196078431372544
2026-02-03,3115.0,3058.06,2939.9666666666667,2814.885,66.29500000000007,2124.0,3215.0,0.2068965517241379
